img_name,top1,top1_prob,top2,top2_prob,top3,top3_prob
2024-08-27_09-42-49-437107_ID2_crop.jpg,fly_small,0.81,none_shadow,0.04,bee_bombus,0.01
2024-08-27_09-42-49-523943_ID4_crop.jpg,none_bg,0.89,none_dirt,0.02,none_bird,0.01
2024-08-27_09-42-50-945242_ID2_crop.jpg,fly_sarco,0.89,hfly_eupeo,0.0,bug_grapho,0.0
2024-08-27_09-42-50-992190_ID6_crop.jpg,none_bird,0.63,none_bg,0.17,lepi,0.02
2024-08-27_09-42-52-396156_ID2_crop.jpg,fly_sarco,0.88,hfly_eupeo,0.01,other,0.01
2024-08-27_09-42-52-425767_ID4_crop.jpg,none_bg,0.33,none_dirt,0.26,none_bird,0.14
2024-08-27_09-42-52-472716_ID6_crop.jpg,none_bird,0.53,lepi,0.07,none_bg,0.06
2024-08-27_09-42-53-878574_ID2_crop.jpg,fly_sarco,0.88,hfly_eupeo,0.01,other,0.01
2024-08-27_09-42-53-886768_ID4_crop.jpg,none_bird,0.3,none_dirt,0.23,none_bg,0.2
2024-08-27_09-42-55-322592_ID2_crop.jpg,fly_sarco,0.89,hfly_eupeo,0.01,lepi,0.01
2024-08-27_09-42-55-346437_ID4_crop.jpg,none_dirt,0.68,none_bird,0.06,other,0.04
2024-08-27_09-42-56-776944_ID2_crop.jpg,fly_sarco,0.89,hfly_eupeo,0.01,lepi,0.01
2024-08-27_09-42-56-827736_ID4_crop.jpg,none_dirt,0.59,none_bird,0.11,none_bg,0.07
2024-08-27_09-42-58-216665_ID2_crop.jpg,fly_sarco,0.9,lepi,0.0,hfly_eupeo,0.0
2024-08-27_09-42-58-244347_ID4_crop.jpg,none_dirt,0.71,none_bird,0.06,none_bg,0.04
2024-08-27_09-42-59-653903_ID2_crop.jpg,fly_sarco,0.89,bee_bombus,0.01,lepi,0.01
2024-08-27_09-42-59-674859_ID4_crop.jpg,none_dirt,0.58,none_bird,0.1,none_bg,0.09
2024-08-27_09-43-01-138758_ID2_crop.jpg,fly_sarco,0.87,lepi,0.01,hfly_episyr,0.01
2024-08-27_09-43-01-167125_ID4_crop.jpg,none_dirt,0.74,none_bg,0.04,none_bird,0.04
2024-08-27_09-43-02-597050_ID2_crop.jpg,fly_sarco,0.89,lepi,0.01,hfly_eupeo,0.0
2024-08-27_09-43-02-644220_ID4_crop.jpg,none_dirt,0.78,none_bird,0.03,none_bg,0.03
2024-08-27_09-43-04-079427_ID2_crop.jpg,fly_sarco,0.88,hfly_eupeo,0.01,other,0.01
2024-08-27_09-43-04-104154_ID4_crop.jpg,none_dirt,0.42,none_bird,0.21,none_bg,0.09
2024-08-27_09-43-05-526920_ID2_crop.jpg,fly_sarco,0.89,lepi,0.01,other,0.01
2024-08-27_09-43-05-577559_ID4_crop.jpg,none_dirt,0.71,none_bg,0.05,none_bird,0.05
2024-08-27_09-43-06-963222_ID2_crop.jpg,fly_sarco,0.89,hfly_eupeo,0.01,lepi,0.01
2024-08-27_09-43-07-016946_ID4_crop.jpg,none_dirt,0.44,none_bg,0.18,none_bird,0.1
2024-08-27_09-43-08-446906_ID2_crop.jpg,fly_sarco,0.88,hfly_myathr,0.01,bug,0.01
2024-08-27_09-43-08-486059_ID4_crop.jpg,none_dirt,0.33,none_bird,0.26,none_bg,0.14
2024-08-27_09-43-09-908016_ID2_crop.jpg,fly_sarco,0.88,ant,0.01,bee_bombus,0.01
2024-08-27_09-43-09-941325_ID4_crop.jpg,none_dirt,0.61,none_bg,0.08,none_bird,0.07
2024-08-27_09-43-11-411601_ID2_crop.jpg,fly_sarco,0.89,bee_bombus,0.01,lepi,0.01
2024-08-27_09-43-11-430513_ID4_crop.jpg,none_bird,0.32,none_dirt,0.31,none_bg,0.1
2024-08-27_09-43-12-840674_ID2_crop.jpg,none_bg,0.9,bug_grapho,0.0,bug,0.0
2024-08-27_09-43-12-864240_ID4_crop.jpg,none_dirt,0.77,other,0.03,none_bg,0.02
2024-08-27_09-43-14-325472_ID2_crop.jpg,fly_sarco,0.86,other,0.01,hfly_eupeo,0.01
2024-08-27_09-43-14-345646_ID4_crop.jpg,none_dirt,0.77,none_bird,0.03,none_bg,0.03
2024-08-27_09-43-15-796625_ID2_crop.jpg,fly_sarco,0.88,other,0.01,bee_bombus,0.01
2024-08-27_09-43-15-816000_ID4_crop.jpg,none_bg,0.41,none_bird,0.2,none_dirt,0.16
2024-08-27_09-43-17-253940_ID2_crop.jpg,fly_sarco,0.9,hfly_eupeo,0.0,other,0.0
2024-08-27_09-43-17-291584_ID4_crop.jpg,none_dirt,0.68,none_bg,0.06,none_bird,0.04
2024-08-27_09-43-18-728865_ID2_crop.jpg,fly_sarco,0.87,other,0.01,hfly_eupeo,0.01
2024-08-27_09-43-18-754660_ID4_crop.jpg,none_dirt,0.72,none_bg,0.05,none_bird,0.04
2024-08-27_09-43-20-203252_ID2_crop.jpg,fly_sarco,0.9,hfly_eupeo,0.0,other,0.0
2024-08-27_09-43-20-240644_ID4_crop.jpg,none_dirt,0.76,none_bird,0.04,none_bg,0.03
2024-08-27_09-43-21-681539_ID2_crop.jpg,fly_sarco,0.88,hfly_eupeo,0.01,other,0.01
2024-08-27_09-43-21-713671_ID4_crop.jpg,none_dirt,0.79,none_bg,0.03,none_bird,0.02
2024-08-27_09-43-23-131884_ID2_crop.jpg,fly_sarco,0.9,lepi,0.0,hfly_eupeo,0.0
2024-08-27_09-43-23-159745_ID4_crop.jpg,none_dirt,0.64,none_bg,0.07,none_bird,0.07
2024-08-27_09-43-24-563879_ID2_crop.jpg,fly_sarco,0.87,bee_bombus,0.01,hfly_eupeo,0.01
2024-08-27_09-43-24-607728_ID4_crop.jpg,none_dirt,0.7,none_bird,0.06,none_bg,0.04
2024-08-27_09-43-26-042062_ID2_crop.jpg,fly_sarco,0.89,hfly_eupeo,0.0,bee_bombus,0.0
2024-08-27_09-43-26-077858_ID4_crop.jpg,none_dirt,0.6,none_bird,0.1,none_bg,0.09
2024-08-27_09-43-27-498714_ID2_crop.jpg,fly_sarco,0.88,other,0.01,hfly_eupeo,0.01
2024-08-27_09-43-27-526066_ID4_crop.jpg,none_dirt,0.79,none_bird,0.03,none_bg,0.02
2024-08-27_09-43-28-906072_ID2_crop.jpg,fly_sarco,0.89,hfly_eupeo,0.0,lepi,0.0
2024-08-27_09-43-28-944747_ID4_crop.jpg,none_dirt,0.82,none_bird,0.02,none_bg,0.01
2024-08-27_09-43-30-382373_ID2_crop.jpg,fly_sarco,0.89,lepi,0.01,bug,0.0
2024-08-27_09-43-30-405810_ID4_crop.jpg,none_dirt,0.85,none_bird,0.01,lepi,0.01
2024-08-27_09-43-31-815539_ID2_crop.jpg,fly_sarco,0.88,hfly_episyr,0.01,bee_bombus,0.01
2024-08-27_09-43-33-261777_ID2_crop.jpg,fly_sarco,0.87,hfly_episyr,0.01,bee_bombus,0.01
2024-08-27_09-43-33-290046_ID4_crop.jpg,none_dirt,0.75,none_bg,0.05,none_bird,0.04
2024-08-27_09-43-34-701399_ID2_crop.jpg,fly_sarco,0.88,hfly_episyr,0.01,other,0.01
2024-08-27_09-43-34-733251_ID4_crop.jpg,none_dirt,0.84,none_bg,0.02,none_bird,0.01
2024-08-27_09-43-36-169883_ID2_crop.jpg,fly_sarco,0.87,hfly_episyr,0.01,bee_bombus,0.01
2024-08-27_09-43-36-204192_ID4_crop.jpg,none_dirt,0.62,none_bg,0.09,none_bird,0.06
2024-08-27_09-43-37-606553_ID2_crop.jpg,fly_sarco,0.85,fly,0.01,beetle,0.01
2024-08-27_09-43-37-653083_ID4_crop.jpg,none_dirt,0.76,none_bird,0.03,none_bg,0.03
2024-08-27_09-43-39-078176_ID2_crop.jpg,fly_sarco,0.87,bee_bombus,0.01,hfly_eupeo,0.01
2024-08-27_09-43-39-098426_ID4_crop.jpg,none_dirt,0.65,none_bird,0.08,none_bg,0.07
2024-08-27_09-43-40-515638_ID2_crop.jpg,fly_sarco,0.85,bug,0.01,lepi,0.01
2024-08-27_09-43-40-544856_ID4_crop.jpg,none_dirt,0.78,none_bird,0.03,none_bg,0.03
2024-08-27_09-43-43-383305_ID4_crop.jpg,none_dirt,0.81,none_bg,0.03,none_bird,0.02
2024-08-27_09-43-44-802992_ID4_crop.jpg,none_dirt,0.61,none_bird,0.11,none_bg,0.06
2024-08-27_09-43-46-234009_ID4_crop.jpg,none_dirt,0.71,none_bird,0.07,none_bg,0.04
2024-08-27_09-43-47-622435_ID4_crop.jpg,none_dirt,0.53,none_bird,0.12,none_bg,0.08
2024-08-27_09-43-49-025410_ID4_crop.jpg,none_dirt,0.69,none_bg,0.07,none_bird,0.04
2024-08-27_09-43-50-467848_ID4_crop.jpg,none_dirt,0.51,none_bird,0.15,none_bg,0.1
2024-08-27_09-43-51-856035_ID4_crop.jpg,none_bird,0.4,none_dirt,0.2,none_bg,0.13
2024-08-27_09-43-53-276693_ID4_crop.jpg,none_dirt,0.46,none_bird,0.17,none_bg,0.1
2024-08-27_09-43-54-714218_ID4_crop.jpg,none_dirt,0.62,none_bg,0.13,none_bird,0.05
2024-08-27_09-43-56-137717_ID4_crop.jpg,none_dirt,0.6,none_bird,0.1,none_bg,0.08
2024-08-27_09-43-57-895547_ID4_crop.jpg,none_dirt,0.65,none_bird,0.07,none_bg,0.06
2024-08-27_09-43-59-336262_ID4_crop.jpg,none_dirt,0.77,none_bg,0.03,none_bird,0.03
2024-08-27_09-44-00-745897_ID4_crop.jpg,none_dirt,0.72,none_bird,0.06,none_bg,0.03
2024-08-27_09-44-02-197459_ID4_crop.jpg,none_dirt,0.46,none_bird,0.16,none_bg,0.13
2024-08-27_09-44-03-588223_ID4_crop.jpg,none_dirt,0.78,none_bird,0.03,none_bg,0.02
2024-08-27_09-44-05-366057_ID4_crop.jpg,none_dirt,0.48,none_bird,0.17,none_bg,0.1
2024-08-27_09-44-06-850226_ID4_crop.jpg,none_dirt,0.6,none_bg,0.1,none_bird,0.07
2024-08-27_09-44-08-269286_ID4_crop.jpg,none_dirt,0.78,none_bird,0.04,none_bg,0.03
2024-08-27_09-44-09-666095_ID4_crop.jpg,none_bg,0.3,none_bird,0.22,none_dirt,0.21
2024-08-27_09-44-11-083261_ID4_crop.jpg,none_dirt,0.54,none_bird,0.12,none_bg,0.09
2024-08-27_09-44-12-546064_ID4_crop.jpg,none_dirt,0.71,none_bird,0.05,none_bg,0.05
2024-08-27_09-44-13-953394_ID4_crop.jpg,none_dirt,0.78,none_bird,0.03,none_bg,0.02
2024-08-27_09-44-15-388787_ID4_crop.jpg,none_dirt,0.41,none_bird,0.18,none_bg,0.11
2024-08-27_09-44-16-795344_ID4_crop.jpg,none_dirt,0.47,none_bird,0.15,none_bg,0.12
2024-08-27_09-44-18-206955_ID4_crop.jpg,none_dirt,0.58,none_bg,0.12,none_bird,0.07
2024-08-27_09-44-19-659142_ID4_crop.jpg,none_dirt,0.61,none_bird,0.1,none_bg,0.06
2024-08-27_09-44-21-101085_ID4_crop.jpg,none_dirt,0.63,none_bird,0.1,none_bg,0.04
2024-08-27_09-44-22-496357_ID4_crop.jpg,none_dirt,0.69,none_bird,0.06,none_bg,0.04
2024-08-27_09-44-23-930795_ID4_crop.jpg,none_dirt,0.77,none_bird,0.03,other,0.02
2024-08-27_09-44-25-376332_ID4_crop.jpg,none_dirt,0.32,none_bg,0.23,none_bird,0.19
2024-08-27_09-44-26-803802_ID4_crop.jpg,none_dirt,0.81,none_bg,0.02,none_bird,0.02
2024-08-27_09-44-28-247672_ID4_crop.jpg,none_dirt,0.78,none_bird,0.04,none_bg,0.02
2024-08-27_09-44-32-532309_ID4_crop.jpg,none_dirt,0.37,none_bird,0.23,none_bg,0.09
2024-08-27_09-44-33-965378_ID4_crop.jpg,none_dirt,0.56,none_bird,0.12,none_bg,0.07
2024-08-27_09-44-35-412639_ID4_crop.jpg,none_dirt,0.41,none_bird,0.15,none_bg,0.13
2024-08-27_09-44-36-829809_ID4_crop.jpg,none_bird,0.31,none_dirt,0.25,none_bg,0.16
2024-08-27_09-44-38-229428_ID4_crop.jpg,none_dirt,0.49,none_bird,0.17,none_bg,0.09
2024-08-27_09-44-41-071833_ID4_crop.jpg,none_dirt,0.56,none_bird,0.12,none_bg,0.07
2024-08-27_09-44-42-487210_ID4_crop.jpg,none_dirt,0.68,none_bird,0.07,none_bg,0.04
2024-08-27_09-44-43-932039_ID4_crop.jpg,none_bird,0.32,none_bg,0.27,none_dirt,0.16
2024-08-27_09-44-45-379536_ID4_crop.jpg,none_dirt,0.44,none_bird,0.2,none_bg,0.08
2024-08-27_09-44-48-303078_ID4_crop.jpg,none_dirt,0.53,none_bird,0.15,none_bg,0.05
2024-08-27_09-44-49-727772_ID4_crop.jpg,none_dirt,0.76,none_bg,0.03,none_bird,0.03
2024-08-27_09-44-51-144426_ID4_crop.jpg,none_dirt,0.8,none_bird,0.03,none_bg,0.02
2024-08-27_09-44-52-576121_ID4_crop.jpg,none_dirt,0.67,none_bird,0.08,none_bg,0.03
2024-08-27_09-44-54-022000_ID4_crop.jpg,none_dirt,0.79,none_bird,0.03,none_bg,0.02
2024-08-27_09-44-55-440921_ID4_crop.jpg,none_dirt,0.69,other,0.05,none_bird,0.04
2024-08-27_09-44-56-866429_ID4_crop.jpg,none_dirt,0.77,none_bird,0.03,none_bg,0.02
2024-08-27_09-44-58-333902_ID4_crop.jpg,none_dirt,0.47,none_bird,0.17,none_bg,0.07
2024-08-27_09-44-59-763714_ID4_crop.jpg,none_dirt,0.8,none_bird,0.03,none_bg,0.03
2024-08-27_09-45-01-175765_ID4_crop.jpg,none_dirt,0.37,none_bird,0.22,none_bg,0.14
2024-08-27_09-45-02-580494_ID4_crop.jpg,none_dirt,0.62,none_bird,0.1,none_bg,0.06
2024-08-27_09-45-03-996831_ID4_crop.jpg,none_dirt,0.73,none_bird,0.05,lepi,0.02
2024-08-27_09-45-05-409189_ID4_crop.jpg,none_dirt,0.82,none_bird,0.02,none_bg,0.01
2024-08-27_09-45-06-791750_ID4_crop.jpg,none_dirt,0.78,none_bird,0.03,none_bg,0.02
2024-08-27_09-45-08-193539_ID4_crop.jpg,none_dirt,0.79,other,0.03,none_bird,0.02
2024-08-27_09-45-09-596233_ID4_crop.jpg,none_dirt,0.76,other,0.04,none_bird,0.03
2024-08-27_09-45-10-988637_ID4_crop.jpg,none_dirt,0.76,none_bird,0.04,lepi,0.02
2024-08-27_09-45-12-403455_ID4_crop.jpg,none_dirt,0.6,none_bird,0.11,none_bg,0.07
2024-08-27_09-45-13-837656_ID4_crop.jpg,none_dirt,0.73,other,0.04,none_bird,0.04
2024-08-27_09-45-15-246394_ID4_crop.jpg,none_dirt,0.8,none_bird,0.03,other,0.02
2024-08-27_09-45-16-700495_ID4_crop.jpg,none_bg,0.76,none_bird,0.05,none_dirt,0.03
2024-08-27_09-45-18-113220_ID4_crop.jpg,none_dirt,0.73,none_bird,0.04,none_bg,0.04
2024-08-27_09-45-19-505997_ID4_crop.jpg,none_dirt,0.74,none_bg,0.04,none_bird,0.03
2024-08-27_09-45-20-962806_ID4_crop.jpg,none_dirt,0.79,none_bird,0.02,none_bg,0.02
2024-08-27_09-45-22-386508_ID4_crop.jpg,none_dirt,0.81,none_bird,0.02,other,0.02
2024-08-27_09-45-23-822029_ID4_crop.jpg,none_dirt,0.83,none_bird,0.02,none_bg,0.02
2024-08-27_09-45-25-235448_ID4_crop.jpg,none_dirt,0.51,none_bird,0.18,none_bg,0.06
2024-08-27_09-45-26-664572_ID4_crop.jpg,none_dirt,0.54,none_bird,0.12,none_bg,0.11
2024-08-27_09-45-28-100453_ID4_crop.jpg,none_dirt,0.7,none_bird,0.08,none_bg,0.03
2024-08-27_09-45-29-513728_ID4_crop.jpg,none_dirt,0.62,none_bg,0.08,none_bird,0.06
2024-08-27_09-45-30-952609_ID4_crop.jpg,none_dirt,0.69,none_bird,0.08,none_bg,0.03
2024-08-27_09-45-32-379095_ID4_crop.jpg,none_dirt,0.81,none_bird,0.02,none_bg,0.02
2024-08-27_09-45-35-199506_ID4_crop.jpg,none_dirt,0.82,none_bird,0.02,lepi,0.01
2024-08-27_09-45-36-624495_ID4_crop.jpg,none_dirt,0.58,none_bird,0.09,none_bg,0.09
2024-08-27_09-45-38-026556_ID4_crop.jpg,none_dirt,0.67,none_bird,0.07,none_bg,0.06
2024-08-27_09-45-39-451341_ID4_crop.jpg,none_dirt,0.74,none_bird,0.05,none_bg,0.04
2024-08-27_09-45-40-913119_ID4_crop.jpg,none_dirt,0.8,none_bird,0.03,none_bg,0.02
2024-08-27_09-45-46-496593_ID4_crop.jpg,none_dirt,0.56,none_bird,0.13,none_bg,0.06
2024-08-27_09-45-47-915617_ID4_crop.jpg,none_dirt,0.65,none_bird,0.09,none_bg,0.03
2024-08-27_09-45-50-684531_ID4_crop.jpg,none_dirt,0.51,none_bird,0.15,none_bg,0.09
2024-08-27_09-45-54-948411_ID4_crop.jpg,none_dirt,0.56,none_bird,0.15,none_bg,0.04
2024-08-27_09-45-56-338698_ID4_crop.jpg,none_dirt,0.62,none_bird,0.09,none_bg,0.05
2024-08-27_09-45-57-733765_ID4_crop.jpg,none_dirt,0.74,none_bird,0.05,none_bg,0.02
2024-08-27_09-45-59-166826_ID4_crop.jpg,none_dirt,0.7,none_bird,0.06,none_bg,0.04
2024-08-27_09-46-06-163912_ID4_crop.jpg,none_dirt,0.66,none_bg,0.09,none_bird,0.05
2024-08-27_09-46-15-973209_ID4_crop.jpg,none_dirt,0.7,none_bird,0.06,none_bg,0.04
2024-08-27_09-46-17-403722_ID4_crop.jpg,none_dirt,0.77,none_bird,0.03,none_bg,0.03
2024-08-27_09-46-18-841497_ID4_crop.jpg,none_dirt,0.82,none_bg,0.02,none_bird,0.02
2024-08-27_09-46-32-884177_ID4_crop.jpg,none_dirt,0.8,none_bg,0.03,none_bird,0.02
2024-08-27_09-47-28-792419_ID8_crop.jpg,fly_small,0.71,none_bg,0.03,none_dirt,0.02
2024-08-27_09-47-30-219698_ID8_crop.jpg,fly_small,0.47,none_dirt,0.11,none_bg,0.08
2024-08-27_09-47-31-632661_ID8_crop.jpg,fly_small,0.45,none_dirt,0.1,none_bg,0.09
2024-08-27_09-47-33-044054_ID8_crop.jpg,fly_small,0.77,ant,0.03,none_dirt,0.03
2024-08-27_09-47-34-482892_ID8_crop.jpg,fly_small,0.87,none_bg,0.01,ant,0.01
2024-08-27_09-47-35-934071_ID9_crop.jpg,none_bg,0.75,none_bird,0.05,none_shadow,0.03
2024-08-27_09-47-52-643191_ID10_crop.jpg,none_bg,0.9,bug_grapho,0.0,scorpionfly,0.0
2024-08-27_09-47-54-073813_ID10_crop.jpg,fly,0.9,none_dirt,0.01,fly_small,0.01
2024-08-27_09-47-55-501547_ID10_crop.jpg,none_bg,0.57,fly,0.16,none_bird,0.02
2024-08-27_09-47-56-890514_ID10_crop.jpg,fly,0.92,bee,0.0,hfly_eristal,0.0
2024-08-27_09-47-58-295063_ID10_crop.jpg,fly,0.92,none_dirt,0.0,hfly_eristal,0.0
2024-08-27_09-47-59-716348_ID10_crop.jpg,none_bg,0.9,other,0.01,beetle_cocci,0.0
2024-08-27_09-48-01-116594_ID10_crop.jpg,fly,0.89,fly_small,0.01,none_bg,0.01
2024-08-27_09-48-05-326757_ID14_crop.jpg,fly,0.9,beetle,0.01,bee,0.0
2024-08-27_09-48-06-766300_ID14_crop.jpg,fly,0.9,other,0.01,fly_small,0.0
2024-08-27_09-48-08-211385_ID14_crop.jpg,fly,0.89,fly_small,0.01,beetle_oedem,0.01
2024-08-27_09-48-09-632307_ID14_crop.jpg,fly,0.83,other,0.03,fly_small,0.01
2024-08-27_09-48-11-044153_ID14_crop.jpg,fly,0.88,fly_small,0.01,hfly_myathr,0.01
2024-08-27_09-48-12-473152_ID14_crop.jpg,fly,0.88,fly_small,0.01,other,0.01
2024-08-27_09-48-13-896130_ID14_crop.jpg,fly,0.89,fly_small,0.01,other,0.0
2024-08-27_09-48-15-340506_ID14_crop.jpg,fly,0.9,other,0.0,fly_small,0.0
2024-08-27_09-48-16-758774_ID14_crop.jpg,fly,0.9,hfly_myathr,0.0,fly_small,0.0
2024-08-27_09-48-18-159904_ID14_crop.jpg,none_bg,0.9,none_shadow,0.01,other,0.01
2024-08-27_09-48-19-577047_ID14_crop.jpg,fly,0.9,beetle,0.0,hfly_syrphus,0.0
2024-08-27_09-48-20-996759_ID14_crop.jpg,fly,0.9,hfly_eristal,0.01,other,0.0
2024-08-27_09-48-22-411673_ID14_crop.jpg,fly,0.89,hfly_eristal,0.01,bee,0.01
2024-08-27_09-48-23-819824_ID14_crop.jpg,fly,0.9,hfly_eristal,0.01,bee,0.0
2024-08-27_09-48-25-223144_ID14_crop.jpg,fly,0.89,hfly_eristal,0.01,other,0.01
2024-08-27_09-48-26-651774_ID14_crop.jpg,fly,0.9,hfly_eristal,0.01,bee,0.0
2024-08-27_09-48-28-032310_ID14_crop.jpg,fly,0.9,hfly_eristal,0.01,none_dirt,0.0
2024-08-27_09-48-29-449079_ID14_crop.jpg,fly,0.91,none_dirt,0.0,hfly_eristal,0.0
2024-08-27_09-48-30-865579_ID14_crop.jpg,fly,0.89,hfly_eristal,0.01,none_dirt,0.01
2024-08-27_09-48-32-290504_ID14_crop.jpg,fly,0.89,hfly_eristal,0.01,bee,0.0
2024-08-27_09-48-33-716028_ID14_crop.jpg,fly,0.9,hfly_eristal,0.0,hfly_syrphus,0.0
2024-08-27_09-48-35-152817_ID14_crop.jpg,fly,0.88,hfly_eristal,0.01,other,0.01
2024-08-27_09-48-36-629314_ID14_crop.jpg,fly,0.9,bee,0.0,bug,0.0
2024-08-27_09-48-38-054354_ID14_crop.jpg,fly,0.91,beetle,0.0,bug,0.0
2024-08-27_09-48-39-508399_ID14_crop.jpg,fly,0.91,beetle,0.0,bee,0.0
2024-08-27_09-48-40-901363_ID14_crop.jpg,fly,0.91,beetle,0.0,bee,0.0
2024-08-27_09-48-42-332306_ID14_crop.jpg,fly,0.91,fly_small,0.0,beetle,0.0
2024-08-27_09-48-43-775545_ID14_crop.jpg,fly,0.91,beetle,0.0,bug,0.0
2024-08-27_09-48-45-222380_ID14_crop.jpg,fly,0.91,beetle,0.0,bug,0.0
2024-08-27_09-48-46-645451_ID14_crop.jpg,fly,0.91,fly_small,0.01,other,0.0
2024-08-27_09-48-48-063056_ID14_crop.jpg,fly,0.91,beetle,0.0,fly_small,0.0
2024-08-27_09-48-49-499774_ID14_crop.jpg,fly,0.9,none_bg,0.0,bug,0.0
2024-08-27_09-48-50-924603_ID14_crop.jpg,fly,0.89,bug,0.01,beetle,0.0
2024-08-27_09-48-52-328733_ID14_crop.jpg,fly,0.91,fly_small,0.0,none_bg,0.0
2024-08-27_09-48-53-742848_ID14_crop.jpg,fly,0.9,fly_small,0.0,beetle,0.0
2024-08-27_09-48-55-182850_ID14_crop.jpg,fly,0.91,fly_small,0.01,beetle,0.0
2024-08-27_09-48-56-616117_ID14_crop.jpg,fly,0.9,fly_small,0.01,beetle,0.0
2024-08-27_09-48-58-040462_ID14_crop.jpg,fly,0.91,fly_small,0.0,hfly_syrphus,0.0
2024-08-27_09-48-59-457619_ID14_crop.jpg,fly,0.9,fly_small,0.01,ant,0.0
2024-08-27_09-49-00-844011_ID14_crop.jpg,fly,0.91,fly_small,0.0,beetle,0.0
2024-08-27_09-49-02-289676_ID14_crop.jpg,fly,0.91,fly_small,0.0,beetle,0.0
2024-08-27_09-49-03-716382_ID14_crop.jpg,fly,0.89,beetle,0.0,hfly_myathr,0.0
2024-08-27_09-49-05-140369_ID14_crop.jpg,fly,0.91,fly_small,0.0,hfly_eupeo,0.0
2024-08-27_09-49-06-553806_ID14_crop.jpg,fly,0.91,other,0.0,ant,0.0
2024-08-27_09-49-08-003378_ID14_crop.jpg,fly,0.91,other,0.0,fly_small,0.0
2024-08-27_09-49-09-422718_ID14_crop.jpg,fly,0.92,other,0.0,beetle,0.0
2024-08-27_09-49-10-855293_ID14_crop.jpg,fly,0.91,fly_small,0.0,other,0.0
2024-08-27_09-49-12-273231_ID14_crop.jpg,fly,0.87,none_dirt,0.01,ant,0.01
2024-08-27_09-49-13-693524_ID14_crop.jpg,fly,0.89,bee,0.0,beetle,0.0
2024-08-27_09-49-15-111043_ID14_crop.jpg,fly,0.9,bee,0.0,beetle,0.0
2024-08-27_09-49-16-523795_ID14_crop.jpg,fly,0.9,bee,0.0,fly_sarco,0.0
2024-08-27_09-49-17-952325_ID14_crop.jpg,fly,0.9,bee,0.0,fly_sarco,0.0
2024-08-27_09-49-19-364749_ID14_crop.jpg,fly,0.9,bee,0.0,beetle,0.0
2024-08-27_09-49-20-796068_ID14_crop.jpg,fly,0.9,bee,0.0,bug,0.0
2024-08-27_09-49-22-242529_ID14_crop.jpg,fly,0.9,bee,0.0,beetle,0.0
2024-08-27_09-49-23-662902_ID14_crop.jpg,fly,0.9,bee,0.01,bug,0.0
2024-08-27_09-49-25-073568_ID14_crop.jpg,fly,0.9,bee,0.0,bee_bombus,0.0
2024-08-27_09-49-26-492999_ID14_crop.jpg,fly,0.9,bee,0.0,beetle,0.0
2024-08-27_09-49-27-963709_ID14_crop.jpg,fly,0.9,bee,0.0,hfly_syrphus,0.0
2024-08-27_09-49-29-391326_ID14_crop.jpg,fly,0.9,bee,0.0,beetle,0.0
2024-08-27_09-49-30-813325_ID14_crop.jpg,fly,0.91,bee,0.0,beetle,0.0
2024-08-27_09-49-32-240806_ID14_crop.jpg,fly,0.9,bee,0.0,beetle,0.0
2024-08-27_09-49-33-646472_ID14_crop.jpg,fly,0.9,bee,0.0,bee_bombus,0.0
2024-08-27_09-49-35-083649_ID14_crop.jpg,fly,0.89,beetle,0.0,hfly_eupeo,0.0
2024-08-27_09-49-36-522513_ID14_crop.jpg,fly,0.9,bee,0.0,fly_sarco,0.0
2024-08-27_09-49-37-933186_ID14_crop.jpg,fly,0.91,bee,0.0,bee_apis,0.0
2024-08-27_09-49-39-355819_ID14_crop.jpg,fly,0.91,bee,0.0,beetle,0.0
2024-08-27_09-49-40-794112_ID14_crop.jpg,fly,0.91,bee,0.0,bee_apis,0.0
2024-08-27_09-49-42-242001_ID14_crop.jpg,fly,0.9,bee,0.0,fly_sarco,0.0
2024-08-27_09-49-43-642089_ID14_crop.jpg,fly,0.9,bee,0.0,fly_sarco,0.0
2024-08-27_09-49-45-054782_ID14_crop.jpg,fly,0.9,bee,0.0,bee_apis,0.0
2024-08-27_09-49-46-522974_ID14_crop.jpg,fly,0.9,bee,0.0,fly_sarco,0.0
2024-08-27_09-49-47-941151_ID14_crop.jpg,fly,0.91,bee,0.0,beetle,0.0
2024-08-27_09-49-49-362364_ID14_crop.jpg,fly,0.9,fly_sarco,0.0,beetle,0.0
2024-08-27_09-49-50-784158_ID14_crop.jpg,fly,0.9,bee,0.0,beetle,0.0
2024-08-27_09-49-52-214253_ID14_crop.jpg,fly,0.91,bee,0.0,beetle,0.0
2024-08-27_09-49-53-644075_ID14_crop.jpg,fly,0.92,bee,0.0,beetle,0.0
2024-08-27_09-49-55-065789_ID14_crop.jpg,fly,0.88,none_bg,0.01,beetle,0.01
2024-08-27_09-58-26-198228_ID35_crop.jpg,none_bg,0.9,none_dirt,0.0,bug,0.0
2024-08-27_10-06-42-084901_ID49_crop.jpg,none_bg,0.9,bug_grapho,0.0,scorpionfly,0.0
2024-08-27_10-06-43-529804_ID49_crop.jpg,fly,0.9,hfly_eristal,0.0,ant,0.0
2024-08-27_10-06-44-928784_ID49_crop.jpg,fly,0.91,bee,0.0,hfly_sphaero,0.0
2024-08-27_10-06-46-337249_ID49_crop.jpg,fly,0.91,ant,0.0,bee,0.0
2024-08-27_10-06-47-748753_ID49_crop.jpg,fly,0.91,none_dirt,0.0,ant,0.0
2024-08-27_10-06-49-169692_ID49_crop.jpg,fly,0.91,bee,0.0,ant,0.0
2024-08-27_10-06-50-569012_ID49_crop.jpg,fly,0.92,none_dirt,0.01,ant,0.0
2024-08-27_10-06-51-961845_ID49_crop.jpg,fly,0.92,ant,0.0,fly_small,0.0
2024-08-27_10-06-53-412792_ID49_crop.jpg,fly,0.91,bee,0.0,beetle,0.0
2024-08-27_10-06-54-833833_ID49_crop.jpg,fly,0.89,beetle,0.01,none_dirt,0.01
2024-08-27_10-06-56-272880_ID49_crop.jpg,fly,0.89,bee,0.01,none_dirt,0.01
2024-08-27_10-06-57-682982_ID49_crop.jpg,fly,0.9,none_dirt,0.01,bee,0.0
2024-08-27_10-06-59-095358_ID49_crop.jpg,fly,0.89,none_dirt,0.0,bee,0.0
2024-08-27_10-07-00-514162_ID49_crop.jpg,fly,0.89,none_dirt,0.01,bee,0.01
2024-08-27_10-07-01-943959_ID49_crop.jpg,fly,0.9,none_dirt,0.0,bug,0.0
2024-08-27_10-07-03-357140_ID49_crop.jpg,fly,0.9,none_dirt,0.01,ant,0.0
2024-08-27_10-07-04-813773_ID49_crop.jpg,fly,0.89,none_dirt,0.01,bee,0.0
2024-08-27_10-07-06-242867_ID49_crop.jpg,fly,0.89,none_dirt,0.01,bee,0.01
2024-08-27_10-07-07-672685_ID49_crop.jpg,fly,0.9,none_dirt,0.01,bee,0.0
2024-08-27_10-07-09-113964_ID49_crop.jpg,fly,0.9,none_dirt,0.0,bee,0.0
2024-08-27_10-07-10-525141_ID49_crop.jpg,fly,0.9,none_dirt,0.0,bee,0.0
2024-08-27_10-07-11-935935_ID49_crop.jpg,fly,0.9,bug,0.0,bee,0.0
2024-08-27_10-07-13-353896_ID49_crop.jpg,fly,0.9,none_dirt,0.0,bug,0.0
2024-08-27_10-07-14-765191_ID49_crop.jpg,fly,0.89,none_dirt,0.0,bee,0.0
2024-08-27_10-07-16-180346_ID49_crop.jpg,fly,0.9,bug,0.0,bee,0.0
2024-08-27_10-07-17-611762_ID49_crop.jpg,fly,0.9,bug,0.0,none_dirt,0.0
2024-08-27_10-07-19-006780_ID49_crop.jpg,fly,0.9,bug,0.01,beetle,0.0
2024-08-27_10-07-20-433090_ID49_crop.jpg,fly,0.91,bee,0.0,bug,0.0
2024-08-27_10-07-21-866471_ID49_crop.jpg,fly,0.9,bug,0.0,bee,0.0
2024-08-27_10-07-23-341475_ID49_crop.jpg,fly,0.9,bee,0.0,bug,0.0
2024-08-27_10-07-24-781655_ID49_crop.jpg,fly,0.91,bee,0.0,bug,0.0
2024-08-27_10-07-26-204553_ID49_crop.jpg,fly,0.9,none_dirt,0.01,bee,0.01
2024-08-27_10-07-27-627090_ID49_crop.jpg,fly,0.9,bug,0.0,bee,0.0
2024-08-27_10-07-29-013759_ID49_crop.jpg,fly,0.9,bug,0.01,bee,0.0
2024-08-27_10-07-30-406808_ID49_crop.jpg,fly,0.91,bug,0.01,none_dirt,0.0
2024-08-27_10-07-31-836324_ID49_crop.jpg,fly,0.9,none_dirt,0.01,bee,0.01
2024-08-27_10-07-33-233959_ID49_crop.jpg,fly,0.9,bee,0.0,bug,0.0
2024-08-27_10-07-34-670481_ID49_crop.jpg,fly,0.9,bee,0.01,bug,0.01
2024-08-27_10-07-36-099321_ID49_crop.jpg,fly,0.91,bee,0.01,none_dirt,0.01
2024-08-27_10-07-37-503332_ID49_crop.jpg,fly,0.9,bee,0.01,bug,0.01
2024-08-27_10-07-38-941012_ID49_crop.jpg,fly,0.89,bee,0.01,none_dirt,0.01
2024-08-27_10-10-28-079875_ID51_crop.jpg,none_bg,0.4,fly_small,0.17,ant,0.08
2024-08-27_10-10-29-496695_ID51_crop.jpg,fly,0.88,fly_small,0.01,beetle,0.01
2024-08-27_10-10-30-916231_ID51_crop.jpg,fly,0.9,other,0.01,beetle,0.0
2024-08-27_10-10-32-354630_ID51_crop.jpg,fly,0.89,bug,0.01,other,0.01
2024-08-27_10-10-33-804532_ID51_crop.jpg,fly,0.91,other,0.0,bug,0.0
2024-08-27_10-10-35-221939_ID51_crop.jpg,fly,0.91,other,0.01,bee,0.0
2024-08-27_10-10-36-641673_ID51_crop.jpg,fly,0.92,bee,0.0,beetle,0.0
2024-08-27_10-10-38-086319_ID51_crop.jpg,fly,0.92,bee,0.0,bug,0.0
2024-08-27_10-10-39-481020_ID51_crop.jpg,fly,0.92,bee,0.0,beetle,0.0
2024-08-27_10-10-40-895527_ID51_crop.jpg,fly,0.91,beetle,0.0,bug,0.0
2024-08-27_10-10-42-338179_ID51_crop.jpg,fly,0.91,beetle,0.0,hfly_episyr,0.0
2024-08-27_10-10-43-754166_ID51_crop.jpg,fly,0.91,beetle,0.0,hfly_syrphus,0.0
2024-08-27_10-10-45-175512_ID51_crop.jpg,fly,0.91,hfly_syrphus,0.0,beetle,0.0
2024-08-27_10-10-46-605761_ID51_crop.jpg,fly,0.91,beetle,0.0,hfly_syrphus,0.0
2024-08-27_10-10-48-019709_ID51_crop.jpg,fly,0.91,hfly_syrphus,0.0,beetle,0.0
2024-08-27_10-10-48-042473_ID52_crop.jpg,none_bg,0.91,none_shadow,0.0,fly_sarco,0.0
2024-08-27_10-10-49-480264_ID51_crop.jpg,fly,0.91,bug,0.0,beetle,0.0
2024-08-27_10-10-50-912152_ID51_crop.jpg,fly,0.9,fly_small,0.0,beetle,0.0
2024-08-27_10-10-50-943953_ID58_crop.jpg,none_bg,0.89,fly_small,0.0,bug_grapho,0.0
2024-08-27_10-10-52-394061_ID51_crop.jpg,fly,0.92,beetle,0.0,fly_small,0.0
2024-08-27_10-10-52-403622_ID58_crop.jpg,hfly_episyr,0.89,fly,0.01,hfly_syrphus,0.01
2024-08-27_10-10-53-813142_ID51_crop.jpg,fly,0.91,beetle,0.0,fly_small,0.0
2024-08-27_10-10-53-854478_ID58_crop.jpg,hfly_episyr,0.91,none_dirt,0.01,bug,0.0
2024-08-27_10-10-55-247167_ID51_crop.jpg,fly,0.91,beetle,0.0,hfly_syrphus,0.0
2024-08-27_10-10-56-691226_ID51_crop.jpg,fly,0.91,beetle,0.0,hfly_syrphus,0.0
2024-08-27_10-10-58-095384_ID51_crop.jpg,fly,0.91,beetle,0.0,fly_small,0.0
2024-08-27_10-10-59-504329_ID51_crop.jpg,fly,0.92,beetle,0.0,fly_small,0.0
2024-08-27_10-11-00-963392_ID51_crop.jpg,fly,0.91,beetle,0.0,hfly_syrphus,0.0
2024-08-27_10-11-02-411044_ID51_crop.jpg,fly,0.92,beetle,0.0,fly_small,0.0
2024-08-27_10-11-03-824515_ID51_crop.jpg,fly,0.91,beetle,0.0,bee,0.0
2024-08-27_10-11-05-242389_ID51_crop.jpg,fly,0.91,beetle,0.0,hfly_syrphus,0.0
2024-08-27_10-11-06-662670_ID51_crop.jpg,fly,0.92,fly_small,0.0,none_bg,0.0
2024-08-27_10-11-08-083124_ID51_crop.jpg,fly,0.91,bug,0.0,hfly_syrphus,0.0
2024-08-27_10-11-09-497251_ID51_crop.jpg,fly,0.91,beetle,0.0,bug,0.0
2024-08-27_10-11-10-912645_ID51_crop.jpg,fly,0.9,beetle,0.0,bug,0.0
2024-08-27_10-11-12-332811_ID51_crop.jpg,fly,0.9,other,0.0,beetle,0.0
2024-08-27_10-11-13-761153_ID51_crop.jpg,fly,0.9,fly_small,0.0,beetle,0.0
2024-08-27_10-11-15-166938_ID51_crop.jpg,fly,0.91,bug,0.0,beetle,0.0
2024-08-27_10-11-16-610948_ID51_crop.jpg,fly,0.91,beetle,0.0,hfly_syrphus,0.0
2024-08-27_10-11-18-036952_ID51_crop.jpg,fly,0.91,bug,0.0,hfly_syrphus,0.0
2024-08-27_10-11-19-475515_ID51_crop.jpg,fly,0.91,beetle,0.0,hfly_syrphus,0.0
2024-08-27_10-11-20-904428_ID51_crop.jpg,fly,0.91,fly_small,0.01,beetle,0.0
2024-08-27_10-11-22-321353_ID51_crop.jpg,fly,0.91,hfly_syrphus,0.0,beetle,0.0
2024-08-27_10-11-23-743179_ID51_crop.jpg,fly,0.91,hfly_syrphus,0.0,other,0.0
2024-08-27_10-11-25-181697_ID51_crop.jpg,fly,0.92,bug,0.0,hfly_syrphus,0.0
2024-08-27_10-11-26-600506_ID51_crop.jpg,fly,0.91,hfly_syrphus,0.0,bug,0.0
2024-08-27_10-11-28-016238_ID51_crop.jpg,fly,0.91,fly_small,0.01,beetle,0.0
2024-08-27_10-11-29-445715_ID51_crop.jpg,fly,0.91,hfly_syrphus,0.0,bug,0.0
2024-08-27_10-11-30-857167_ID51_crop.jpg,fly,0.91,other,0.0,hfly_syrphus,0.0
2024-08-27_10-11-32-265340_ID51_crop.jpg,fly,0.91,beetle,0.0,hfly_syrphus,0.0
2024-08-27_10-11-33-673926_ID51_crop.jpg,fly,0.91,hfly_syrphus,0.0,beetle,0.0
2024-08-27_10-11-35-099751_ID51_crop.jpg,fly,0.92,bug,0.0,hfly_syrphus,0.0
2024-08-27_10-11-36-505183_ID51_crop.jpg,fly,0.91,fly_small,0.0,beetle,0.0
2024-08-27_10-11-37-927037_ID51_crop.jpg,fly,0.91,hfly_eupeo,0.0,hfly_syrphus,0.0
2024-08-27_10-11-39-346837_ID51_crop.jpg,fly,0.91,beetle,0.0,bug,0.0
2024-08-27_10-11-40-784117_ID51_crop.jpg,fly,0.91,hfly_syrphus,0.0,beetle,0.0
2024-08-27_10-11-42-180999_ID51_crop.jpg,fly,0.91,fly_small,0.0,hfly_syrphus,0.0
2024-08-27_10-11-43-589972_ID51_crop.jpg,fly,0.92,bug,0.0,hfly_syrphus,0.0
2024-08-27_10-11-45-062288_ID51_crop.jpg,fly,0.91,beetle,0.0,hfly_syrphus,0.0
2024-08-27_10-11-46-495495_ID51_crop.jpg,fly,0.91,beetle,0.0,fly_small,0.0
2024-08-27_10-11-47-913734_ID51_crop.jpg,fly,0.9,bug,0.0,beetle,0.0
2024-08-27_10-11-49-334915_ID51_crop.jpg,fly,0.91,beetle,0.0,bug,0.0
2024-08-27_10-11-50-752488_ID51_crop.jpg,fly,0.91,beetle,0.0,bee,0.0
2024-08-27_10-11-52-213549_ID51_crop.jpg,fly,0.91,bug,0.0,hfly_syrphus,0.0
2024-08-27_10-11-53-639189_ID51_crop.jpg,fly,0.91,hfly_eupeo,0.01,bug,0.0
2024-08-27_10-11-55-052351_ID51_crop.jpg,fly,0.91,fly_small,0.0,hfly_syrphus,0.0
2024-08-27_10-11-56-464262_ID51_crop.jpg,fly,0.91,fly_small,0.0,bug,0.0
2024-08-27_10-11-57-914862_ID51_crop.jpg,fly,0.92,fly_small,0.0,hfly_syrphus,0.0
2024-08-27_10-11-59-336974_ID51_crop.jpg,fly,0.9,bug,0.0,none_bg,0.0
2024-08-27_10-12-00-718362_ID51_crop.jpg,fly,0.91,bug,0.0,beetle,0.0
2024-08-27_10-12-02-159895_ID51_crop.jpg,fly,0.9,fly_small,0.01,beetle,0.0
2024-08-27_10-12-03-551587_ID51_crop.jpg,fly,0.92,fly_small,0.01,none_bg,0.0
2024-08-27_10-12-04-968256_ID51_crop.jpg,fly,0.89,fly_small,0.01,other,0.01
2024-08-27_10-12-06-420451_ID51_crop.jpg,fly,0.91,beetle,0.0,bee,0.0
2024-08-27_10-12-07-816900_ID51_crop.jpg,fly,0.9,beetle,0.0,bee,0.0
2024-08-27_10-12-09-256184_ID51_crop.jpg,fly,0.9,beetle,0.0,hfly_syrphus,0.0
2024-08-27_10-12-10-685826_ID51_crop.jpg,fly,0.9,beetle,0.0,hfly_syrphus,0.0
2024-08-27_10-12-12-138950_ID51_crop.jpg,fly,0.9,beetle,0.0,hfly_syrphus,0.0
2024-08-27_10-12-13-515627_ID51_crop.jpg,fly,0.91,beetle,0.0,hfly_syrphus,0.0
2024-08-27_10-12-14-948356_ID51_crop.jpg,fly,0.91,beetle,0.0,hfly_syrphus,0.0
2024-08-27_10-12-16-367376_ID51_crop.jpg,fly,0.91,beetle,0.0,hfly_syrphus,0.0
2024-08-27_10-12-17-745017_ID51_crop.jpg,fly,0.9,fly_small,0.0,beetle,0.0
2024-08-27_10-12-19-209613_ID51_crop.jpg,fly,0.9,beetle,0.0,fly_small,0.0
2024-08-27_10-12-20-658745_ID51_crop.jpg,fly,0.9,beetle,0.0,hfly_syrphus,0.0
2024-08-27_10-12-22-074174_ID51_crop.jpg,fly,0.91,beetle,0.0,hfly_syrphus,0.0
2024-08-27_10-12-23-482747_ID51_crop.jpg,fly,0.89,beetle,0.0,hfly_syrphus,0.0
2024-08-27_10-12-24-919214_ID51_crop.jpg,fly,0.9,beetle,0.0,fly_small,0.0
2024-08-27_10-12-26-337007_ID51_crop.jpg,fly,0.91,beetle,0.0,hfly_syrphus,0.0
2024-08-27_10-12-27-791470_ID51_crop.jpg,fly,0.92,fly_small,0.0,beetle,0.0
2024-08-27_10-12-29-245185_ID51_crop.jpg,fly,0.91,beetle,0.0,hfly_syrphus,0.0
2024-08-27_10-12-30-690475_ID51_crop.jpg,fly,0.91,beetle,0.0,hfly_syrphus,0.0
2024-08-27_10-12-32-101819_ID51_crop.jpg,fly,0.9,beetle,0.0,hfly_syrphus,0.0
2024-08-27_10-12-33-535759_ID51_crop.jpg,fly,0.91,beetle,0.0,hfly_syrphus,0.0
2024-08-27_10-12-34-974632_ID51_crop.jpg,fly,0.9,beetle,0.0,hfly_syrphus,0.0
2024-08-27_10-12-36-356841_ID51_crop.jpg,fly,0.91,hfly_syrphus,0.0,beetle,0.0
2024-08-27_10-12-37-768420_ID51_crop.jpg,fly,0.91,bug,0.0,beetle_cocci,0.0
2024-08-27_10-12-39-176603_ID51_crop.jpg,fly,0.92,bug,0.0,other,0.0
2024-08-27_10-12-40-596746_ID51_crop.jpg,fly,0.92,none_bg,0.0,hfly_syrphus,0.0
2024-08-27_10-12-42-058037_ID51_crop.jpg,fly,0.92,hfly_syrphus,0.0,beetle,0.0
2024-08-27_10-12-43-456104_ID51_crop.jpg,fly,0.91,beetle,0.0,hfly_syrphus,0.0
2024-08-27_10-12-44-903527_ID51_crop.jpg,fly,0.92,hfly_syrphus,0.0,hfly_eupeo,0.0
